工单编号,工单标题,工单内容,推送时间,承办单位,问题分类,问题点位
网络-260607-041763,汉庭北京三里屯SOHO太古里酒店未按规定对公用杯具进行清洗消毒问题#京通#,"工单来源：京通，此工单内容为网民留言时填写的标题及原文。
============================= 
留言标题：汉庭北京三里屯SOHO太古里酒店***存在未按规定对公用杯具进行清洗消毒的违法行为
留言原文：举报汉庭北京三里屯SOHO太古里酒店***存在未按规定对公用杯具进行清洗消毒的违法行为。该单位提供可重复使用的杯具，但未设置专用的杯具清洗消毒间清洗消毒过程违规：‌ 该单位员工在客房洗手盆、水池等非专用区域对杯具进行简单冲洗，违规使用便捷式消毒柜未正常启动或未达到规定的消毒温度与时间；未经有效消毒未合规未使用合规的物理或化学消毒方法，未能保证消毒效果。‌‌‌违反操作规范：‌其清洗消毒过程不符合《公共场所卫生管理规范》(GB 37487-2019)中关于公共用品用具清洗消毒应选择合适方法、过程规范、保证效果的要求。‌‌‌未按规定记录：‌ 未对杯具清洗消毒过程（如消毒时间、人员、方法、物品种类数量等）进行记录并造假未按照房间数配备红外线消毒柜，无清洁消毒监控视频且84消毒液过期，依法责令行政处罚吊销许可证上述行为违反了以下规定：《公共场所卫生管理条例实施细则》第十四条关于公共场所经营者应当按照卫生标准、规范的要求对公共用品用具进行清洗、消毒的规定。‌‌《公共场所卫生管理规范》(GB 37487-2019) 中关于公共用品用具清洗消毒的具体要求。‌‌《公共场所设计卫生规范 第2部分：住宿场所》(GB 37489.2-2019) 中关于应设置专用清洗消毒间的规定‌请求卫生监督部门依法对 进行现场检查，核实上述违法行为，并依据《公共场所卫生管理条例实施细则》第三十六条等相关规定‌‌，对其进行行政处罚，责令整改，以保障公众健康
市民填写的详细地址为：区：朝阳区街道：不详详细地址：北京市朝阳区工体中纺 里***号",2026-06-07 18:06:58,朝阳区分中心,旅游>旅游住宿>服务质量,北京市朝阳区工体***
热线-260402-062267,没有收费标准不合理问题,市民反映，地址：朝阳区北四环红星美凯龙惠达卫浴，自己家里有一个浴室盆损坏了，自己已经报修半年了对方都没有来，最近来了以后对方没有任何的鉴定就直接拆装了，并且说多少钱就是多少钱，对方也没有收费标准，自己打了对方的客服的电话，但是都是没有标准的，对此自己不认可，来电反映没有收费标准不合理问题。,2026-04-02 18:16:58,朝阳区分中心,市场管理>市场环境秩序>消费场所管理和环境,北京市朝阳区朝阳路***
热线-260427-050643,债权人申报问题,企业反映，企业名称：北京***公司，注册地址：北京市东城区朝阳门北小街4号楼4-4号，企业注意到北京***公司发了减资公告，从3千万减到5万，北京蓝色港湾注册地址：北京市朝阳区朝阳公园路***，来电企业看到了公告的联系方式，想做债权人申报，但是打电话过去，接电的工作人员表示他只是代办，找不到蓝色港湾，联系了也不回应，到现场也说不管，对方在工商留了一个假电话，来电企业表示已经拿到了法院的胜诉判决，让北京蓝色港湾还钱，但是就是没有人处理，北京蓝色港湾已经向工商提交了债权人申报，工商也说材料全了他们就可以办，债权人公示期不接电话，导致来电企业没法在公示期索要北京蓝色港湾的债券，按照规定需要获得债券人的同意，才能办理减资，希望市场监督管理局督促北京蓝色港湾联系债权人，先完成债权登记，再减资，来电反映债权人申报问题。,2026-04-27 15:49:21,朝阳区分中心,企业服务>市场管理>变更,北京市朝阳区朝阳公园路6号院2号楼4-1-北京蓝色港湾商业管理有限公司
热线-260603-063099,物业不让业主停车问题,市民反映，在顺义区仁和镇太平村回迁小区，物业在地上安装地桩不让业主停车，来电反映物业不让业主停车问题。,2026-06-03 17:49:44,顺义区仁和镇,物业管理>小区停车秩序管理>物业私自安装停车管理设施,不详
网络-260113-006634,上地七街公交站上方的路灯故障问题#微信服务号#,"工单来源：微信服务号，此工单内容为网民留言时填写的标题及原文。 
============================= 
留言标题：供电
留言原文：2026 年 1 月 12 日 18:14
马路东侧，上地七街公交站上方的路灯一闪一闪的，有时会好一阵儿 有时又开始闪了
市民填写的详细地址为：区、街道：海淀区上地街道详细地址：上地七街",2026-01-13 09:00:49,市城市照明管理中心（城市管理委员会）,市政>路灯照明>市政路灯,上地七街
网络-260323-010736,强烈反对清河北侧路道路建设方案问题#微信服务号#  ,"工单来源：微信服务号，此工单内容为网民留言时填写的标题及原文。 
============================= 
留言标题：强烈反对清河北侧路（永泰中路-黑泉路段）道路建设方案 我们买房子时开发商说，小区南侧有小花园，绿地，我们才买的高价房。我们居住20多年，没有任何部门告知居民，小区花园可以修主干路
留言原文：
强烈反对清河北侧路（永泰中路-黑泉路段）道路建设方案
我们买房子时开发商说，小区南侧有小花园，绿地，我们才买的高价房。我们居住20多年，没有任何部门告知居民，小区花园是政府的，可以修主干路。距离居民楼仅10米。最近惊闻要在小区南边修建一条清河北侧路，而且永泰中路-黑泉路段道路建设方案已经研究完成，并进入工程招标阶段。我是清缘东里小区业主，作为道路利害关系人，我们小区全体居民、居委会和业委会全部都对和自身居住环境密切相关的道路工程一无所知。强烈质疑该条道路在规划和设计阶段程序违法，并未进行社会风险评估，并向周边居民公布建设方案，征求公众意见。我们要求立即停止该条道路的工程招标进程，重新举办听证会，公开规划许可文件，征求并尊重公众意见，调整道路建设方案。
市民填写的详细地址为：区、街道：海淀区西三旗街道详细地址：北京市海淀区西三旗街道***",2026-03-23 09:29:35,海淀区分中心,市政>区属道路>建设,北京市海淀区西三旗街道清缘东里8号楼
热线-260320-057422,协调医院赔偿问题,市民反映，平谷区妇幼保健院妇产科，剖腹产的时候医生给自己注射的麻醉剂，注射过量，导致昏迷了，之后到县医院进行抢救，在做B超时候，没有检查出来孩子有先天性疾病，自己认为不合理，医调委说可以赔偿5000元，自己不认可，没有人跟自己联系过，医调委已经判定是医院责任，现在对于医院的回复不认可，要求职能部门继续处理，市民称无人联系，自己已经在医调委做过相关鉴定，说医院处理确实有问题，鉴定结果是有赔偿，但是医院一直说是自身原因，麻醉其实是局部麻醉，但是到最后自己都昏迷了，医院还是不承认，医院回复推卸责任说他们没有责任是自己自身的原因，院长回复意思是说没有死亡不算是医疗事故，医调委判了医院赔偿，肯定是医院有责任在先，问题没有解决，尽快解决问题，市民表示问题没有得到解决，也没有联系自己，来电反映协调医院赔偿问题。,2026-03-20 17:18:45,平谷区分中心,卫生健康>医疗服务>医疗事故,北京市平谷区南岔子街49号-平谷区妇幼保健院
热线-260602-077673,施工安全隐患问题/保密,"市民反映，通州区宋庄镇宋庄东街201号如你所院烧烤，6月2号之前都拉警戒线了，现在在施工没有拉警戒线，市民骑车差点摔倒，希望核实处理，来电反映施工安全隐患问题。
注：市民要求保密个人信息。",2026-06-02 23:10:07,通州区宋庄镇,城乡建设>施工管理>施工安全隐患,北京市通州区宋庄东街***
热线-260612-057067,北京万兴建筑集团有限公司拖欠工程款问题,"1. 是否为在校学生或退休返聘人员：否 2.是否已进入仲裁或诉讼程序：否 3.是否签订劳动合同：是 4.具体工作地址（用工地）：大兴区长子营镇建设美丽新农村项目 5.工作单位名称及负责人：总包：大兴区万兴集团，负责人姓名马***，联系方式：***，长子营镇政府，党委书记姓名：黄***，项目负责人姓名：韩***，联系电话：***. 6.拖欠工资时间及金额：从2019年9月完工后，分期付款，现在还拖欠工资320多万元钱 7.被拖欠工资原因：因长子营镇政府没有拨款 8.具体诉求：市民反映，长子营镇政府的负责人告知自己资金紧张，无法支付，市民不认可，市民表示不需要长子营镇政府的联系自己，要求区政府的联系自己，市民称长子营镇来电说时间太久了无法处理，市民称身后背负了无数个家庭，一个家庭好几口人，6月8日市民称问题未解决，要求再次反映。6月12日，市民称没有人联系自己，反映拖欠工资问题在2年前已经沟通过，但一直没有处理。来电反映北京万兴建筑集团有限公司拖欠工程款问题。
 注：市民表示自己电话设置了限制打电话前请先发送短信。

",2026-06-12 17:24:23,大兴区分中心,劳动和社会保障>拖欠工资>工程建设领域,北京市大兴区长子营镇东北台村村民委员会-东北台村
网络-260326-008823,国贸桥公交车违章停车问题#微信服务号#,"工单来源：微信服务号，此工单内容为网民留言时填写的标题及原文。 
============================= 
留言标题：国贸桥公交车违规停车
留言原文：国贸桥南通行马路上随时都有公交车在违规停车影响交通安全，为什么没有人处理？
市民填写的详细地址为：区、街道：朝阳区呼家楼街道详细地址：国贸桥
注：详情见附件。",2026-03-26 09:14:44,市交管局,交通管理>停车管理>违章停车,国贸桥
热线-260520-056759,咨询规划用途,市民咨询，丰台区花乡街道京投银泰万科西华府南侧的一块空地的规划用途，是想建商业还是住宅，是附近的小区居民，怕以后的建设会受到影响。来电咨询规划用途。,2026-05-20 16:55:51,丰台区分中心,城乡建设>规划设计>城市规划,北京市丰台区郭公庄南街***
热线-260205-051779,核实案件进展的问题,市民反映，被打人：窦国庆，在2月3日在丰台区被挨打，后续由六里桥派出所进行接警处理，已经做好笔录，但是案件迟迟没有进展，希望相关部门对此进行处理和解决，来电反映核实案件进展的问题。,2026-02-05 16:20:42,市公安局,社会秩序>警务督察>案件进展,不详
热线-260415-032151,租房油烟机掉落以及电网户名户号信息等问题,"1.企业名称：自如
 2.租赁、购房方式：线上平台
 3.企业注册地/门店经营地：北京市密云区经济开发区兴盛南路8号开发区办公楼***
4.租房、购房地址（例如：**省、北京市）：北京市
 5.诉求人身份：业主、租户、购房人或第三方：租户
 6.合同编号/订单号：***
 7.具体问题描述：市民反映，自己于3月7日通过自如在石景山区永乐小区东区***租房，在自己住之前，3月8日盖房屋油烟机第一次发生掉落，自己联系的自如，对方来维修，3月29日油烟机发生第二次掉落又进行维修，4月2日油烟机发生第三次掉落，该房屋油烟机掉落并不是自己的原因导致的，是在搬入之前就出现的问题并不是自己的原因，而且掉落的时候有两次污染了自己的食材，要求自如这次将油烟机彻底维修好，不要再出现这样的问题，要么更换新的油烟机，而且中途污染两次自己的食材，要求针对此进行赔偿，现在又出现新问题，自己需要去绑定户号、电号，但是对方没办法提供正确的户号，也无法告知自己正确的户名，导致自己无法在电网上查询信息，没办法看到自己的电费明细，并且要求告知不赔偿的理由， 市民称无人联系处理，要求自如联系自己，更换管家，来电反映租房油烟机掉落以及电网户名户号信息等问题。 ",2026-04-15 13:06:22,自如,住房>房产中介>服务水平差,密云区-兴盛南路***
热线-260601-039700,协调长城宽带退费问题,"1.号码归属地：北京地区 
2.涉及相关号码：***
3.所属运营商：长城宽带 
4.业务类型：网络类
5.具体诉求：宽带费争议 
6.其他问题：自家的宽带通由于网速太慢，申请了退款，对方也答应了退1500多元，但钱一直没有到账，2024年4月断网，长城宽带说4-6个月才能给自己退，市民表示2025年4月申请退费，现在马上一年了，一直没退，自己每次联系长城宽带，每次都说在办理中，在走流程，自己想知道走什么流程走了一年多，现在走到哪一步了，北京市通信管理局给自己回复让网上投诉，但不给自己网址，有部门（具体不详）联系自己，让自己耐心等待，自己不认可，自己已经等一年了，客服还直接挂电话了，来电希望协调长城宽带退费问题。",2026-06-01 14:11:07,北京市通信管理局,公共服务>网络与通讯>资费,学院路35号世宁大厦***
热线-260215-028715,协调快手退费问题,市民反映，自己的孩子是未成年，快手账号：***，在快手上看直播，消费打赏1906元，自己联系快手处理退费，快手说只退百分之70的费用，市民对此不认可，需要全额退费，来电反映协调快手退费问题。,2026-02-15 15:55:45,海淀区分中心,科体文宣>文化>网络视听（网络直播、视频网站、网络表演等）,西二旗西路16号院***
热线-260318-057834,臻御府小区8号楼南侧绿植否是开发商原有规划设计问题,市民反映，丰台区臻御府小区8号楼南侧有一篇两米高的绿植，想了解是否是开发商原有规划设计，希望相关部门核实回复自己，来电反映臻御府小区8号楼南侧绿植否是开发商原有规划设计问题。,2026-03-18 17:19:36,丰台区花乡街道,住房>小区配套>公共绿地,北京市丰台区总部基地郭公庄地铁站B出口100米左右-
网络-260604-027067,吉祥路违建问题#微信服务号#,"工单来源：微信服务号，此工单内容为网民留言时填写的标题及原文。 
============================= 
留言标题：违建
留言原文：邻居家私自焊护栏，占位己有，政府出面与他家沟通让他家拆除，到至今为止都没有拆，而且这个路是公家道，不让我们走，因为这个多次跟我家争吵
市民填写的详细地址为：区、街道：顺义区北小营镇详细地址：吉祥路
注：见附件",2026-06-04 11:35:57,顺义区北小营镇,城乡建设>违法建设>已建违建,吉祥路
网络-260324-039529,北京极睿科技有限责任公司退款问题#微信服务号#,"工单来源：微信服务号，此工单内容为网民留言时填写的标题及原文。 
============================= 
留言标题：课程没上但商家不给退款
留言原文：极睿课程退款过程详细描述
投诉对象为：北京***公司

2025年9.12日在观看极睿科技的抖音直播后报名参加了第3期课程。在付款前没有签订任何合同和协议，销售人员也没有介绍课程发课表。而在我加入群后，销售人员依然没发课程表，没有告知任何课程信息，管理员私自将我更改为第2学员，导致我在正式开课时发现课程不对，并且课程质量非常差劲，语音也不清，远远不及宣传中的质量。我只听了不到3分钟。
然后我当即提出退出，并在之后申请了全额退款。我在整个对方的服务过程没有使用任何软件，课程是因为对方乌龙在先导致退款的，实际听直播课时间不足3分钟。按照一般行业的规则，我也是在我开课的第一天直播就申请的退款，不到3分钟，也未给对方造成任何损失。并且在后续沟通中，我从未有过任何不当的言论，对方主播的直播间，我也是点赞转发支持，没有发过任何一句负面的言论。
目前对方拒绝退款，空口白牙说我使用软件，理由是内部商讨不给我退款，我未和对方签订任何协议，内部协议是无效的。还有以发给我录播课为由，不退款。我当时已经申请退款，群聊已经屏蔽，对方发的消息我是查收不到的。况且我已经申请退款并且已经在沟通，对方仍然发，这属实是其内部管理混乱的表现，以这个理由那就是强卖。而且以内部规定来拒绝退款，那这样的话我也说我也有内部规定，你们未经我同意私自给我改课程，而且迟迟不退款，那要赔我50万。您说，这不是开玩笑吗？
我对对方的服务，私自改我的课程期数，导致我上错课，以及对课程质量非常不满意，要求全额退款。
我们并未签任何协议，对方在我付款前除了大肆宣传课程的好之外没有任何对课程质量的说明，也没有对退款条件的说明。我的诉求是全额退款，并赔偿我的损失。
特此投诉，非常感谢您的审阅，我诚心希望事情能得到解决。谢谢！




市民填写的详细地址为：区、街道：朝阳区酒仙桥街道详细地址：酒仙桥路66号保利广场东座208",2026-03-24 14:11:46,朝阳区分中心,社会培训机构>经营期间退费纠纷（线上）>职业资格和技能类,酒仙桥路66号保利广场东座
网络-260408-024717,建议改造人行道问题#微信服务号#【2】,"工单来源：微信服务号，此工单内容为网民留言时填写的标题及原文。
============================= 
市民留言标题：建议调整公交车停靠方式
市民留言原文：新宫地铁站A口外，公交车总站，换乘人员过多，公交车长期占道停车，造成严重拥堵。建议改造人行道，实现公交车港湾式停靠，避免拥堵。
市民填写的详细地址为：区、街道：丰台区南苑街道详细地址：新宫地铁站A口
市民反映问题内容：市民反映，建议调整公交车停靠方式，故通过微信服务号反映建议调整公交车停靠方式问题。
发布时间：2026-04-05 19:03:26
备注：该工单为微信对接系统弹出工单网络-260406-001520号后而新建的工单。
--------------------------------------------------
工单流转【丰台区】：市民反映建议改造人行道问题，经丰台区城管委核查市民反映的是槐房西路公交总站人行步道问题，市民希望将公交站人行步道改成公交港湾已缓解道路拥堵，槐房西路道路权属为市交通委，市民反映的问题请转北京市交通委协调处理。

",2026-04-08 11:28:26,市交通委,公共服务>公交>线路站点,新宫地铁站A口
热线-260109-045243,协调中公教育退费问题,市民反映，自己孩子在海淀区学清路***中公教育报名了线下课程，花费了29800元，对方给退回了1000元，中公没有联系自己，合同中也标明一切纠纷归北京公司管理，预留手机号：18661024679，要求退费，希望帮助核实处理，来电反映协调中公教育退费问题。,2026-01-09 15:29:40,海淀区分中心,社会培训机构>经营期间退费纠纷（线下）>职业资格和技能类,海淀区学清路
热线-260516-019324,要求挪走石头问题,市民反映，房山区长景新园小区南门东边有条小路，小路的东头堵了2个大石头，影响车辆通行，自己联系物业也不知道原因，要求把石头挪走，来电反映要求挪走石头问题。,2026-05-16 11:47:59,房山区分中心,住房>小区配套>道路,长景新园小区南门东边
热线-260121-061083,水管滴漏物业不维修问题,市民投诉，自己是北京市朝阳区豆各庄乡绿丰家园业主，自己水管子漏水了，联系物业，物业拿胶条粘上了 ，还一直在漏，联系物业，物业表示没工夫修，来电投诉水管滴漏物业不维修问题。,2026-01-21 17:33:08,朝阳区分中心,住房>房屋修缮>下水管道堵塞,绿丰家园-绿丰家园
网络-260221-009900,南口保温瓶工业公司职工医院电话打不通问题#微信服务号#,"工单来源：微信服务号，此工单内容为网民留言时填写的标题及原文。 
============================= 
留言标题：严肃处理南口***公司职工医院电话打不通
留言原文：严肃处理南口***工业公司职工医院电话打不通
市民填写的详细地址为：区、街道：昌平区南口镇详细地址：北京***",2026-02-21 11:22:08,昌平区分中心,卫生健康>医院管理>医务人员管理,北京
热线-260408-071146,移动公司提供证据或腿费要么拿出政策条文的问题,市民反映，移动公司在19内停机自己6个号，手机号里共有5880元，要求移动公司提供证据或腿费要么拿出条文，如果不解决就到人民法院起诉移动公司，来电反映移动公司提供证据或腿费要么拿出政策条文的问题。,2026-04-08 21:28:02,北京移动,公共服务>网络与通讯>资费,东城区-东直门南大街***
网络-260304-024392,工地内物料未按六个百分百要求存放问题#微信服务号#,"工单来源：微信服务号，此工单内容为网民留言时填写的标题及原文。
=============================
留言标题：物料
留言原文：工地内物料未按六个百分百要求存放。
市民填写的详细地址为：区、街道：大兴区瀛海镇详细地址：瀛达路与瀛瑞街交叉口东南角。",2026-03-04 11:48:36,大兴区瀛海镇,城乡建设>施工管理>工地管理,瀛达路与瀛瑞街交叉口东南角。
网络-260501-029060,北京新航城开发建设有限公司使用作废植物检疫证书#微信服务号#,"工单来源：微信服务号，此工单内容为网民留言时填写的标题及原文。 
============================= 
留言标题：北京***公司使用作废植物检疫证书。#微信服务号#
留言原文：北京***公司：
 
由贵单位作为建设单位，北京市***公司作为施工单位、北京***公司作为监理单位实施的北京新机场临空经济区市政交通配套工程大礼路、大广高速到京台高速道路工程绿化工程二标段（K3+720~K7+440段），工程开工、施工及竣工养护期限为2021年至2023年，该项目已于2025年三季度移交至北京市大兴区礼贤镇人民政府林业站
 经现场全面核查、溯源核实，该工程存在严重质量缺陷及明确违法违规事实，具体情况如下：
 
1. 植物检疫涉嫌造假，存在重大林业有害生物入侵：该工程苗木栽植相关检疫手续存在严重违规，对应林草种子生产经营许可证于2024年才办理，却在2025年违规批量开具多规格苗木植物检疫证书。编号为：林草检字：***市民填写的详细地址为：区、街道：大兴区礼贤镇详细地址：大礼路",2026-05-01 14:51:29,大兴区分中心,城乡建设>工程管理>项目审批,大礼路
热线-260401-002023,火箭出行判责不合理问题,"1.网约车平台：高德 
2.平台内企业：火箭出行 
3.注册账号：***
4.约车时间：3月23日早上8点30分 
5.网约车车牌号：***
6.具体问题：到乘客的小区门口不让停车，乘客给自己发信息说晚点过来，自己问大概多久乘客没有回，给乘客打电话还让继续等，自己说快点乘客给挂了，后续自己把订单取消了，平台判自己有责扣了服务分，市民不认可，15号自己抢了预约单，当时自己抢错了，联系平台让处理，后续平台取消了判自己有责，市民不认可，希望处理。市民表示就是怕对自己判责，还刻意联系平台让平台进行处理，但是最后还是判责了，市民表示3月31日的订单，自己的车在充电，设备拿不下来了，平台给取消订单了，但是判自己有责，市民不认可，希望核实处理，来电反映火箭出行判责不合理问题。",2026-04-01 05:29:04,昌平区分中心,交通管理>互联网约车>运营管理,不详
热线-260612-015504,改装摩托车尾气噪音扰民的问题/保密,"市民反映，朝阳区管庄地区塔营北街甲***，小区里有很多改装摩托车，早晚总是有尾气噪音，非常扰民，车牌号：***，***，***，***，***等，来电反映改装摩托车尾气噪音扰民的问题。
注：市民要求保密个人信息（已解释）",2026-06-12 10:09:48,市交管局,交通管理>车辆管理>私改车辆,塔营北街甲2号院***
热线-260427-007475,协商退还押金的问题,"市民反映，自己是密云区果园老西里5号楼***上一任的店主，跟快递公司合作现在不干了，但是跟中通快递合作的押金没有退还，现在母亲生病着急用钱，希望相关部门进行核实，要求尽快退还押金，来电反映协商退还押金的问题。
注：市民同意绿通。
注：工单已拆分，详见热线-260427-008582、热线-260427-007475


",2026-04-27 08:57:50,中通快递,市场管理>合同违法行为>不履行合同义务,北京市密云区西大桥路***
热线-260320-058949,投诉海淀区政府与海淀区教委问题,"市民投诉，自己是海淀区上地街道和樾玉鸣小区的居民，现在想要投诉海淀区政府，原因是在和樾地块投放市场之前，政府已变更街道名称配件优质学校的操作诱导公众投身抢购热潮，创造了本年度北京市销售冠军的奇迹，但购房者在初中入学时却被拒绝在上地片区之外，没能在自家门口享受优质的教育资源，鉴于以上情况，并且旁边海开0702地块即将入室销售，请区政府协调相关部门维护公众信赖利益，尽快将和樾玉鸣，和樾望云小区落实到上地片区对口的四所中学，投诉海淀区教委的理由：海淀区教委明知道该地块接到管辖已经变更并以由过去的无人的荒地变更为1000多户家庭的居住用地后教委严重懒政不作为，无视初中入学系统不在匹配该地块入学期待的现状，舍近求远的将上地街道的居民切割到其他片区入学，自己要求尽快将初中入学系统变更回上地片区对应的四所中学，教委的中招办回复说和他们无关，中招办说决定权不在他们那，需要教委回复（已解释)，来电投诉海淀区政府与海淀区教委问题
注：市民要求投诉两个不同的部门（已解释）",2026-03-20 17:40:32,海淀区分中心,教育>入学升学>学区划片,不详
热线-260114-061617,协调中公教育退款问题,市民反映，公司名称：北京***公司，地址：海淀区学清路***，自己在中公教育报名线下课程，因考试不通过申请退款，迟迟未退，目前还剩20000多元钱未退，报名预留手机号：***，中公教育一直没有回复自己，现在公司也没有纳入异常名单，还是在正常经营，市民表示自己反映后接到了回复，对于回复不认可，自己的问题没有得到解决，要求重新反映，要求给予明确的答复是否可以受理，要求尽快解决问题，希望给自己一个明确的态度（已解释），来电反映协调中公教育退款问题。,2026-01-14 18:10:04,海淀区分中心,社会培训机构>经营期间退费纠纷（线下）>职业资格和技能类,海淀区-***
热线-260324-033860,公司无法给自己交1月份社保问题,市民反映，姓名：陈***，身份证：***，公司：廊坊市***公司，工作地：房山区良乡送便电公司，自己和廊坊市***公司签的合同，公司在1月份开始给自己上的北京社保，但是在2026年1月份自己查看社保，公司只给自己交了1月份工伤保险，没有交养老和事业保险，2月份都交上了，公司告知自己1月份的接不上，希望相关部门核实处理。来电反映公司无法给自己交1月份社保问题。,2026-03-24 13:16:45,市税务局,劳动和社会保障>社会保险>社保基金管理,646路;896路;951路;971路;993路-送变电公司
热线-260426-028943,协调爱奇艺延长会员的问题,"市民反映，之前在爱奇艺买了168元的会员，后续两三年没有联系自己，告知就续费了，现在才发现，账号：***，2024年5月26日花费238元订单号：***，2025年6月2日花费238元订单号：***，可以不退费，要求延长180天（6个月）的会员权益，来电反映协调爱奇艺延长会员的问题。
注：市民同意绿通。
",2026-04-26 14:50:23,爱奇艺,科体文宣>文化>网络视听（网络直播、视频网站、网络表演等）,海淀区-北4环西路65号
热线-260331-025551,广安门内派出所不立案问题,"市民反映，投诉西城区广安门内派出所，市民被他人辱骂遭到推搡，对身体精神造成了伤害，当时向该派出所报警，派出所称没有打伤市民就不予处理，连回执都不给开，但是派出所不给立案，要求对方给自己道歉、支付医药费并赔偿精神损失费，来电反映广安门内派出所不立案问题。

",2026-03-31 11:37:16,市公安局,社会秩序>警务督察>不予立案,广安门内派出所
热线-260518-049205,公司拖欠工资的问题,"1. 是否为在校学生或退休返聘人员：否
2.是否已进入仲裁或诉讼程序：否
3.是否签订劳动合同：是
4.具体工作地址（用工地）：大兴区星光城二期
5.工作单位名称及负责人：中建三局，项目经理胡***电话***
6.拖欠工资时间及金额：拖欠了三万五千元，干了四个月左右
7.被拖欠工资原因：市民不清楚
8.具体诉求：市民反映，自己从事外墙保温，拖欠了三万五千元，干了四个月左右，自己姓名：李***，来电反映公司拖欠工资的问题。",2026-05-18 15:21:31,大兴区分中心,劳动和社会保障>拖欠工资>工程建设领域,星光城二期
热线-260526-069432,美团迟迟未退款及餐未送达问题,1.购买渠道：美团 2.是否向该企业投诉过：是 3.是否通过行政部门调解：否 4.是否要求赔偿：否 5.消费内容：外卖 6.订单号：***.具体诉求内容：市民反映，2024年6月份在美团上订的外卖，餐品没有给自己送达也不给自己退款，希望核实处理。此事已经反映很长时间了，美团平台退款根本无法原路返回，对处理结果不满意，希望再次处理，要求明确解决时间和退款时间，要求回复反馈的问题是否属实，要求再次反映，海淀区市场监督所不处理问题，要求升级处理，来电反映美团迟迟未退款及餐未送达问题。 8.是否有购物凭证及照片等证据：是,2026-05-26 19:58:19,海淀区分中心,市场管理>网络交易>网上商城,北京市海淀区海淀大街***
热线-260112-017377,协调中公教育培训机构尽快退费问题,"市民反映，自己【姓名：谢***，性别：女】在北京***公司【地址：海淀区学清路***】报名线下学习【地址：广东省汕尾市海丰县】事业单位教师编课，预留手机号：***，双方已签合同，培训机构承诺考试不通过可退1.4万元，自己考试未通过，企业强制分期退费，目前还有9600元未退，广东省汕尾市海丰县授课点已撤点，向本中心反映后，培训机构人员未回复过，此次来电补充：之前反映问题收到回复说一周内解决，但是到现在问题未解决，市民来电补充信息表示和自己同期报名的学员都已经完成了退费，目前只有自己的费用还没有退还完成，市民对此很不满，市民来电称问题没有解决，要求再次反映。市民表示之前没有人联系自己，现在需要电话回复。来电反映协调中公教育培训机构尽快退费问题。

",2026-01-12 10:29:54,海淀区分中心,社会培训机构>经营期间退费纠纷（线下）>职业资格和技能类,海淀区-***
热线-260312-023469,京东赔偿问题,"1.购买渠道：京东
2.是否向该企业投诉过：是 
3.是否通过行政部门调解： 否（可登记）
4.是否要求赔偿：是（张***） 
5.消费内容：购买不锈钢保鲜盒
6.订单号：***
7.具体诉求内容：市民反映，2025年12月1日，商品详情页面所展示的有标注SUS304，别的地方标注了201，属于诱导消费，但是自己收到的货拿磁铁吸上了，不是不锈钢的，但是自己装了咸菜还漏，自己也不知道还把食品吃了，不是食品级的材质，要求赔偿，自己和京东反映，自己接受了平台的补偿，但是现在不认可，因为京东没有重视对自己反映的其他问题，现在要求按照消费者权益保护法进行赔偿，来电反映京东赔偿问题。
8.是否有购物凭证及照片等证据：是
注：此单为拆分工单，录音详见热线-260312-022547",2026-03-12 11:30:42,经济技术开发区分中心,市场管理>网络交易>网上商城,通州区-***
网络-260203-003383,北京大学首钢医院歧视残疾人等问题#微信服务号#,"工单来源：微信服务号，此工单内容为网民留言时填写的标题及原文。 
============================= 
留言标题： 要求相关部门进行处理
留言原文：北京大学首钢医院歧视残疾人、虐待残疾人，遭受不公平待遇，要求相关部门进行处理
市民填写的详细地址为：区、街道：石景山区八角街道详细地址：***",2026-02-03 07:56:31,市卫生健康委员会,卫生健康>医院管理>医务人员管理,北京大学首钢医院
热线-260320-008043,超市摊位虚假宣传退费和赔偿问题,市民反映，自己3也19日在海淀区京粮商城物美超市壹号土猪摊位买的大骨棒和里脊肉，当时给自己的时候是包好的，大骨棒40多元一斤，回家发现大骨棒不是大骨棒，也不知道是哪个位置，市民不认可，这是虚假宣传，市民要求退费并赔偿，来电反映超市摊位虚假宣传退费和赔偿问题。,2026-03-20 09:09:19,海淀区分中心,市场管理>商品服务质量>购买服务与承诺不符,京粮商城物美超市壹号土猪摊位
热线-260519-074000,要求整顿必胜客售卖过期食品行为问题,"1.购买渠道：线上
2.企业名称：线上：美团，海淀区学清路必胜客
3.是否向该企业投诉过：否
4.是否通过行政部门调解：否
5.是否要求赔偿：否
6.具体诉求内容：市民反映，自己5月19号晚上在美团上点了海淀区学清路必胜客的一份汤，是晚上9点收到的，自己喝了之后发现汤是酸的，要求有关部门整顿一下这家店售卖过期食品的行为，来电反映要求整顿必胜客售卖过期食品行为问题。
7.订单号：***
8.是否有购物凭证及照片等证据：是",2026-05-19 21:43:24,海淀区分中心,公共安全>食品安全>餐饮企业食品安全问题,学清路***
热线-260206-010672,要求去哪儿网补差价或者去哪儿网订酒店进行抵扣问题,"1.购买渠道：去哪儿网
2.消费内容：飞机票
3.投诉主体：旅游平台网站
4.旅游平台网站或经营方（商家）注册地：北京市
5.行程状态：行程前
6.商品使用地：成都市
7.订单号：***
8.具体诉求内容：市民反映，自己在2月1日去哪儿网订了2月17日从成都到杭州四个人机票，总价1831元，昨天看到降价了，差价是391元，要求去哪儿网补差价，或者后续在去哪儿网订酒店进行抵扣，来电反映要求去哪儿网补差价或者去哪儿网订酒店进行抵扣问题。",2026-02-06 09:40:49,海淀区分中心,旅游>旅游网站>服务,北京市海淀区苏州街***-去***公司
网络-260430-068876,关于工单260423-003508处理结果的补充异议与诉求#微信服务号#,"工单来源：微信服务号，此工单内容为网民留言时填写的标题及原文。 
============================= 
留言标题：关于工单260423-003508处理结果的补充异议与诉求
留言原文：本人对雁栖镇政府的处理结果极不满意。本人合法承包的林地历来为纯林地、板栗种植地，从未存在任何硬化痕迹。本次施工由远洋集团实施，在未经过村委会集体同意、也未征得本人签字许可的情况下，私自进入承包林地大面积打水泥硬化，毁坏林地植被，造成多棵板栗树枯死、林地严重受损。

雁栖镇政府未依法核查施工方的林地占用审批手续，未制止违法施工行为，还口头编造“卫星图显示老路痕迹”的说法推诿责任，且始终不出示任何可核验的书面证据。

本人强烈要求绕开雁栖镇政府，由怀柔区园林绿化局、区自然资源局直接介入调查，独立核实施工行为的合法性，并协调远洋集团对本人的林木及林地损失进行全额赔偿。
市民填写的详细地址为：区、街道：怀柔区雁栖镇详细地址：长圆村西欲台子",2026-04-30 22:34:27,怀柔区分中心,城乡建设>施工管理>违法施工,长圆村西欲台子
